participant,nome:1,cognome:1,anno:1,mese:1,giorno:1,cellulare:1,sesso:1,esperimento:1,TIME_start,TIME_end,TIME_total
s.10de7584-8ea0-4bfa-b3d9-3dc43130cd69.txt,gi,ba,1958,08,17,001,2,TOWER_HANOI_HOARDING.2022-06-07-1057.data.10de7584-8ea0-4bfa-b3d9-3dc43130cd69.txt,2022-06-07-10-54,2022-06-07-10-57,3,
s.f05d6852-def5-4f75-a347-3d5f9f6df53d.txt,ma,za,1939,12,04,004,1,TOWER_HANOI_HOARDING.2022-08-24-1247.data.f05d6852-def5-4f75-a347-3d5f9f6df53d.txt,2022-08-24-12-45,2022-08-24-12-47,2,
s.244cf015-bf04-4483-b3fe-bb7b46c18dbc.txt,LO,VA,1995,11,25,006,1,TOWER_HANOI_HOARDING.2022-10-18-1843.data.244cf015-bf04-4483-b3fe-bb7b46c18dbc.txt,2022-10-18-18-37,2022-10-18-18-43,6,
s.592284e2-9b72-479a-b7ba-aa4c3e40ef8e.txt,MA,BE,1967,07,20,015,1,TOWER_HANOI_HOARDING.2023-02-14-1648.data.592284e2-9b72-479a-b7ba-aa4c3e40ef8e.txt,2023-02-14-16-44,2023-02-14-16-48,4,
s.7d76c1cf-f87e-4d28-aba6-d9dc4c9ee226.txt,GI,CA,1956,07,06,016,1,TOWER_HANOI_HOARDING.2023-03-08-1604.data.7d76c1cf-f87e-4d28-aba6-d9dc4c9ee226.txt,2023-03-08-15-57,2023-03-08-16-04,7,
s.0db95fac-49c5-4463-a1ea-95bbe8bbd38a.txt,fa,fa,1974,05,14,003,1,TOWER_HANOI_HOARDING.2022-08-02-1415.data.0db95fac-49c5-4463-a1ea-95bbe8bbd38a.txt,2022-08-02-14-13,2022-08-02-14-15,2,
s.5b869dda-c69a-448f-b180-0eb8a4d2d75d.txt,MO,MA,1961,04,20,011,1,TOWER_HANOI_HOARDING.2022-11-15-1727.data.5b869dda-c69a-448f-b180-0eb8a4d2d75d.txt,2022-11-15-17-23,2022-11-15-17-27,4,
s.6d9a1b15-6d4c-4c7d-b499-0c250ab9cab1.txt,CL,PA,1961,05,23,014,1,TOWER_HANOI_HOARDING.2023-01-25-1727.data.6d9a1b15-6d4c-4c7d-b499-0c250ab9cab1.txt,2023-01-25-17-24,2023-01-25-17-27,3,
s.a7a436a0-43b2-48fb-995e-e1f039b0bfb0.txt,pa,me,1968,07,10,005,1,TOWER_HANOI_HOARDING.2022-08-30-1749.data.a7a436a0-43b2-48fb-995e-e1f039b0bfb0.txt,2022-08-30-17-46,2022-08-30-17-49,3,
s.3adad2d3-e529-4a02-a026-3864426af071.txt,MI,CA,1952,10,28,012,1,TOWER_HANOI_HOARDING.2022-11-22-1656.data.3adad2d3-e529-4a02-a026-3864426af071.txt,2022-11-22-16-53,2022-11-22-16-56,3,
s.5d6b2184-dc6d-4282-92fe-8549b5bfd89a.txt,al,ba,1948,06,19,000,1,TOWER_HANOI_HOARDING.2022-05-11-1514.data.5d6b2184-dc6d-4282-92fe-8549b5bfd89a.txt,2022-05-11-15-09,2022-05-11-15-14,5,
s.4d58557b-4726-43ff-986a-d4a450075c9c.txt,VS,SC,1972,08,21,008,2,TOWER_HANOI_HOARDING.2023-01-13-1049.data.4d58557b-4726-43ff-986a-d4a450075c9c.txt,2023-01-13-10-39,2023-01-13-10-49,10,
s.ff64c6ba-cb47-45dd-a2b8-1bfb68c83cf6.txt,an,ve,1958,08,15,010,1,TOWER_HANOI_HOARDING.2022-10-27-1516.data.ff64c6ba-cb47-45dd-a2b8-1bfb68c83cf6.txt,2022-10-27-15-12,2022-10-27-15-16,4,
